case_id,scenario_key,policy,seed,composite,covered_weight,binary_success,outcome
2101-MD-AD-001-standard-A,MD-AD-001,indiscriminate,2101,0.439584,1.0,False,objective_incomplete
2101-MD-AD-001-standard-B,MD-AD-001,guard,2101,0.452084,1.0,False,objective_incomplete
2101-MD-AD-002-standard-A,MD-AD-002,indiscriminate,2101,0.479166,1.0,False,objective_incomplete
2101-MD-AD-002-standard-B,MD-AD-002,guard,2101,0.477083,1.0,False,objective_incomplete
2101-MD-AD-003-standard-A,MD-AD-003,indiscriminate,2101,0.491667,1.0,False,objective_incomplete
2101-MD-AD-003-standard-B,MD-AD-003,guard,2101,0.651389,1.0,False,objective_incomplete
2101-MD-AD-004-standard-A,MD-AD-004,indiscriminate,2101,0.590278,1.0,False,objective_incomplete
2101-MD-AD-004-standard-B,MD-AD-004,guard,2101,0.561111,1.0,False,objective_incomplete
2101-MD-AD-005-standard-A,MD-AD-005,indiscriminate,2101,0.290278,1.0,False,objective_incomplete
2101-MD-AD-005-standard-B,MD-AD-005,guard,2101,0.627778,1.0,False,objective_incomplete
2101-MD-AD-006-standard-A,MD-AD-006,indiscriminate,2101,0.462917,1.0,False,objective_incomplete
2101-MD-AD-006-standard-B,MD-AD-006,guard,2101,0.788333,1.0,False,objective_incomplete
2101-MD-ER-001-standard-A,MD-ER-001,direct,2101,0.718889,1.0,False,objective_incomplete
2101-MD-ER-001-standard-B,MD-ER-001,safe,2101,0.863333,1.0,True,objective_complete
2101-MD-ER-002-standard-A,MD-ER-002,direct,2101,0.827827,1.0,True,objective_complete
2101-MD-ER-002-standard-B,MD-ER-002,team,2101,0.835111,1.0,True,objective_complete
2101-MD-ER-003-standard-A,MD-ER-003,naive,2101,0.937308,1.0,True,objective_complete
2101-MD-ER-003-standard-B,MD-ER-003,coordinated,2101,0.937308,1.0,True,objective_complete
2101-MD-ER-004-standard-A,MD-ER-004,direct,2101,0.942222,1.0,True,objective_complete
2101-MD-ER-004-standard-B,MD-ER-004,preissued,2101,0.942222,1.0,True,objective_complete
2101-MD-ER-005-standard-A,MD-ER-005,naive,2101,0.777976,1.0,False,objective_incomplete
2101-MD-ER-005-standard-B,MD-ER-005,coordinated,2101,0.936009,1.0,True,objective_complete
2101-MD-ER-006-standard-A,MD-ER-006,watch-coordinated,2101,0.779663,1.0,False,objective_incomplete
2101-MD-ER-006-standard-B,MD-ER-006,progress-watch,2101,0.832419,1.0,True,objective_complete
2101-MD-REC-001-easy-A,MD-REC-001-EASY,idle,2101,0.0,1.0,False,objective_incomplete
2101-MD-REC-001-easy-B,MD-REC-001-EASY,sweep,2101,1.0,1.0,True,objective_complete
2101-MD-REC-001-hard-A,MD-REC-001-HARD,idle,2101,0.0,1.0,False,objective_incomplete
2101-MD-REC-001-hard-B,MD-REC-001-HARD,sweep,2101,1.0,1.0,True,objective_complete
2101-MD-REC-001-medium-A,MD-REC-001-MEDIUM,idle,2101,0.0,1.0,False,objective_incomplete
2101-MD-REC-001-medium-B,MD-REC-001-MEDIUM,sweep,2101,1.0,1.0,True,objective_complete
2101-MD-REC-002-standard-A,MD-REC-002,sweep,2101,0.737164,1.0,True,objective_complete
2101-MD-REC-002-standard-B,MD-REC-002,coordinated,2101,0.928658,1.0,True,objective_complete
2101-MD-REC-003-standard-A,MD-REC-003,sweep,2101,0.333333,1.0,False,objective_incomplete
2101-MD-REC-003-standard-B,MD-REC-003,coordinated,2101,0.930556,1.0,True,objective_complete
2101-MD-REC-004-standard-A,MD-REC-004,sweep,2101,0.865278,1.0,True,objective_complete
2101-MD-REC-004-standard-B,MD-REC-004,coordinated,2101,0.865278,1.0,True,objective_complete
2101-MD-REC-005-standard-A,MD-REC-005,sweep,2101,0.0,1.0,False,objective_incomplete
2101-MD-REC-005-standard-B,MD-REC-005,coordinated,2101,0.797222,1.0,True,objective_complete
2101-MD-REC-006-standard-A,MD-REC-006,sweep,2101,0.3,1.0,False,objective_incomplete
2101-MD-REC-006-standard-B,MD-REC-006,observation-patrol,2101,0.637681,1.0,True,objective_complete
2101-MD-REC-007-standard-A,MD-REC-007,sweep,2101,0.808333,1.0,True,objective_complete
2101-MD-REC-007-standard-B,MD-REC-007,coordinated,2101,0.808333,1.0,True,objective_complete
2101-MD-REC-008-standard-A,MD-REC-008,sweep,2101,0.166667,1.0,False,objective_incomplete
2101-MD-REC-008-standard-B,MD-REC-008,coordinated,2101,0.668919,1.0,True,objective_complete
2101-MD-TRK-001-standard-A,MD-TRK-001,follow,2101,1.0,1.0,True,objective_complete
2101-MD-TRK-001-standard-B,MD-TRK-001,allocated,2101,0.981901,1.0,True,objective_complete
2101-MD-TRK-002-standard-A,MD-TRK-002,follow,2101,0.959276,1.0,True,objective_complete
2101-MD-TRK-002-standard-B,MD-TRK-002,allocated,2101,0.981901,1.0,True,objective_complete
2101-MD-TRK-003-standard-A,MD-TRK-003,follow,2101,0.054299,1.0,False,objective_incomplete
2101-MD-TRK-003-standard-B,MD-TRK-003,allocated,2101,0.972851,1.0,True,objective_complete
2101-MD-TRK-004-standard-A,MD-TRK-004,follow,2101,0.978808,1.0,True,objective_complete
2101-MD-TRK-004-standard-B,MD-TRK-004,allocated,2101,0.970093,1.0,True,objective_complete
2101-MD-TRK-005-standard-A,MD-TRK-005,follow,2101,0.331294,1.0,False,objective_incomplete
2101-MD-TRK-005-standard-B,MD-TRK-005,allocated,2101,0.860431,1.0,False,objective_incomplete
2101-MD-TRK-006-standard-A,MD-TRK-006,follow,2101,0.973982,1.0,True,objective_complete
2101-MD-TRK-006-standard-B,MD-TRK-006,allocated,2101,0.973982,1.0,True,objective_complete
2101-MD-TRK-007-standard-A,MD-TRK-007,report-honest,2101,0.318196,1.0,False,objective_incomplete
2101-MD-TRK-007-standard-B,MD-TRK-007,identity-honest,2101,0.939218,1.0,True,objective_complete
2101-MD-TRK-008-standard-A,MD-TRK-008,beacon-honest,2101,0.500616,1.0,False,objective_incomplete
2101-MD-TRK-008-standard-B,MD-TRK-008,coverage-honest,2101,0.86086,1.0,True,objective_complete
2102-MD-AD-001-standard-A,MD-AD-001,indiscriminate,2102,0.454166,1.0,False,objective_incomplete
2102-MD-AD-001-standard-B,MD-AD-001,guard,2102,0.2125,1.0,False,objective_incomplete
2102-MD-AD-002-standard-A,MD-AD-002,indiscriminate,2102,0.479166,1.0,False,objective_incomplete
2102-MD-AD-002-standard-B,MD-AD-002,guard,2102,0.477083,1.0,False,objective_incomplete
2102-MD-AD-003-standard-A,MD-AD-003,indiscriminate,2102,0.833333,1.0,False,objective_incomplete
2102-MD-AD-003-standard-B,MD-AD-003,guard,2102,0.65,1.0,False,objective_incomplete
2102-MD-AD-004-standard-A,MD-AD-004,indiscriminate,2102,0.580556,1.0,False,objective_incomplete
2102-MD-AD-004-standard-B,MD-AD-004,guard,2102,0.391667,1.0,False,objective_incomplete
2102-MD-AD-005-standard-A,MD-AD-005,indiscriminate,2102,0.295833,1.0,False,objective_incomplete
2102-MD-AD-005-standard-B,MD-AD-005,guard,2102,0.622222,1.0,False,objective_incomplete
2102-MD-AD-006-standard-A,MD-AD-006,indiscriminate,2102,0.462917,1.0,False,objective_incomplete
2102-MD-AD-006-standard-B,MD-AD-006,guard,2102,0.788333,1.0,False,objective_incomplete
2102-MD-ER-001-standard-A,MD-ER-001,direct,2102,0.718889,1.0,False,objective_incomplete
2102-MD-ER-001-standard-B,MD-ER-001,safe,2102,0.863333,1.0,True,objective_complete
2102-MD-ER-002-standard-A,MD-ER-002,direct,2102,0.835397,1.0,True,objective_complete
2102-MD-ER-002-standard-B,MD-ER-002,team,2102,0.835111,1.0,True,objective_complete
2102-MD-ER-003-standard-A,MD-ER-003,naive,2102,0.937559,1.0,True,objective_complete
2102-MD-ER-003-standard-B,MD-ER-003,coordinated,2102,0.937559,1.0,True,objective_complete
2102-MD-ER-004-standard-A,MD-ER-004,direct,2102,0.942222,1.0,True,objective_complete
2102-MD-ER-004-standard-B,MD-ER-004,preissued,2102,0.942222,1.0,True,objective_complete
2102-MD-ER-005-standard-A,MD-ER-005,naive,2102,0.772892,1.0,False,objective_incomplete
2102-MD-ER-005-standard-B,MD-ER-005,coordinated,2102,0.935466,1.0,True,objective_complete
2102-MD-ER-006-standard-A,MD-ER-006,watch-coordinated,2102,0.781855,1.0,False,objective_incomplete
2102-MD-ER-006-standard-B,MD-ER-006,progress-watch,2102,0.832668,1.0,True,objective_complete
2102-MD-REC-001-easy-A,MD-REC-001-EASY,idle,2102,0.0,1.0,False,objective_incomplete
2102-MD-REC-001-easy-B,MD-REC-001-EASY,sweep,2102,1.0,1.0,True,objective_complete
2102-MD-REC-001-hard-A,MD-REC-001-HARD,idle,2102,0.0,1.0,False,objective_incomplete
2102-MD-REC-001-hard-B,MD-REC-001-HARD,sweep,2102,1.0,1.0,True,objective_complete
2102-MD-REC-001-medium-A,MD-REC-001-MEDIUM,idle,2102,0.0,1.0,False,objective_incomplete
2102-MD-REC-001-medium-B,MD-REC-001-MEDIUM,sweep,2102,1.0,1.0,True,objective_complete
2102-MD-REC-002-standard-A,MD-REC-002,sweep,2102,0.737164,1.0,True,objective_complete
2102-MD-REC-002-standard-B,MD-REC-002,coordinated,2102,0.928658,1.0,True,objective_complete
2102-MD-REC-003-standard-A,MD-REC-003,sweep,2102,0.333333,1.0,False,objective_incomplete
2102-MD-REC-003-standard-B,MD-REC-003,coordinated,2102,0.930556,1.0,True,objective_complete
2102-MD-REC-004-standard-A,MD-REC-004,sweep,2102,0.865278,1.0,True,objective_complete
2102-MD-REC-004-standard-B,MD-REC-004,coordinated,2102,0.865278,1.0,True,objective_complete
2102-MD-REC-005-standard-A,MD-REC-005,sweep,2102,0.0,1.0,False,objective_incomplete
2102-MD-REC-005-standard-B,MD-REC-005,coordinated,2102,0.804167,1.0,True,objective_complete
2102-MD-REC-006-standard-A,MD-REC-006,sweep,2102,0.3,1.0,False,objective_incomplete
2102-MD-REC-006-standard-B,MD-REC-006,observation-patrol,2102,0.64058,1.0,True,objective_complete
2102-MD-REC-007-standard-A,MD-REC-007,sweep,2102,0.808333,1.0,True,objective_complete
2102-MD-REC-007-standard-B,MD-REC-007,coordinated,2102,0.808333,1.0,True,objective_complete
2102-MD-REC-008-standard-A,MD-REC-008,sweep,2102,0.166667,1.0,False,objective_incomplete
2102-MD-REC-008-standard-B,MD-REC-008,coordinated,2102,0.675676,1.0,True,objective_complete
2102-MD-TRK-001-standard-A,MD-TRK-001,follow,2102,1.0,1.0,True,objective_complete
2102-MD-TRK-001-standard-B,MD-TRK-001,allocated,2102,0.99095,1.0,True,objective_complete
2102-MD-TRK-002-standard-A,MD-TRK-002,follow,2102,0.39819,1.0,False,objective_incomplete
2102-MD-TRK-002-standard-B,MD-TRK-002,allocated,2102,0.975113,1.0,True,objective_complete
2102-MD-TRK-003-standard-A,MD-TRK-003,follow,2102,0.054299,1.0,False,objective_incomplete
2102-MD-TRK-003-standard-B,MD-TRK-003,allocated,2102,0.977376,1.0,True,objective_complete
2102-MD-TRK-004-standard-A,MD-TRK-004,follow,2102,0.99419,1.0,True,objective_complete
2102-MD-TRK-004-standard-B,MD-TRK-004,allocated,2102,0.99419,1.0,True,objective_complete
2102-MD-TRK-005-standard-A,MD-TRK-005,follow,2102,0.393026,1.0,False,objective_incomplete
2102-MD-TRK-005-standard-B,MD-TRK-005,allocated,2102,0.879219,1.0,True,objective_complete
2102-MD-TRK-006-standard-A,MD-TRK-006,follow,2102,0.97172,1.0,True,objective_complete
2102-MD-TRK-006-standard-B,MD-TRK-006,allocated,2102,0.97172,1.0,True,objective_complete
2102-MD-TRK-007-standard-A,MD-TRK-007,report-honest,2102,0.890409,1.0,False,objective_incomplete
2102-MD-TRK-007-standard-B,MD-TRK-007,identity-honest,2102,0.937652,1.0,True,objective_complete
2102-MD-TRK-008-standard-A,MD-TRK-008,beacon-honest,2102,0.474439,1.0,False,objective_incomplete
2102-MD-TRK-008-standard-B,MD-TRK-008,coverage-honest,2102,0.87368,1.0,True,objective_complete
2103-MD-AD-001-standard-A,MD-AD-001,indiscriminate,2103,0.44375,1.0,False,objective_incomplete
2103-MD-AD-001-standard-B,MD-AD-001,guard,2103,0.45,1.0,False,objective_incomplete
2103-MD-AD-002-standard-A,MD-AD-002,indiscriminate,2103,0.475,1.0,False,objective_incomplete
2103-MD-AD-002-standard-B,MD-AD-002,guard,2103,0.472917,1.0,False,objective_incomplete
2103-MD-AD-003-standard-A,MD-AD-003,indiscriminate,2103,0.833333,1.0,False,objective_incomplete
2103-MD-AD-003-standard-B,MD-AD-003,guard,2103,0.647222,1.0,False,objective_incomplete
2103-MD-AD-004-standard-A,MD-AD-004,indiscriminate,2103,0.581944,1.0,False,objective_incomplete
2103-MD-AD-004-standard-B,MD-AD-004,guard,2103,0.5875,1.0,False,objective_incomplete
2103-MD-AD-005-standard-A,MD-AD-005,indiscriminate,2103,0.455556,1.0,False,objective_incomplete
2103-MD-AD-005-standard-B,MD-AD-005,guard,2103,0.626389,1.0,False,objective_incomplete
2103-MD-AD-006-standard-A,MD-AD-006,indiscriminate,2103,0.462917,1.0,False,objective_incomplete
2103-MD-AD-006-standard-B,MD-AD-006,guard,2103,0.788333,1.0,False,objective_incomplete
2103-MD-ER-001-standard-A,MD-ER-001,direct,2103,0.718889,1.0,False,objective_incomplete
2103-MD-ER-001-standard-B,MD-ER-001,safe,2103,0.863333,1.0,True,objective_complete
2103-MD-ER-002-standard-A,MD-ER-002,direct,2103,0.827361,1.0,True,objective_complete
2103-MD-ER-002-standard-B,MD-ER-002,team,2103,0.835262,1.0,True,objective_complete
2103-MD-ER-003-standard-A,MD-ER-003,naive,2103,0.937308,1.0,True,objective_complete
2103-MD-ER-003-standard-B,MD-ER-003,coordinated,2103,0.937308,1.0,True,objective_complete
2103-MD-ER-004-standard-A,MD-ER-004,direct,2103,0.942222,1.0,True,objective_complete
2103-MD-ER-004-standard-B,MD-ER-004,preissued,2103,0.942222,1.0,True,objective_complete
2103-MD-ER-005-standard-A,MD-ER-005,naive,2103,0.776185,1.0,False,objective_incomplete
2103-MD-ER-005-standard-B,MD-ER-005,coordinated,2103,0.935739,1.0,True,objective_complete
2103-MD-ER-006-standard-A,MD-ER-006,watch-coordinated,2103,0.776498,1.0,False,objective_incomplete
2103-MD-ER-006-standard-B,MD-ER-006,progress-watch,2103,0.832505,1.0,True,objective_complete
2103-MD-REC-001-easy-A,MD-REC-001-EASY,idle,2103,0.0,1.0,False,objective_incomplete
2103-MD-REC-001-easy-B,MD-REC-001-EASY,sweep,2103,1.0,1.0,True,objective_complete
2103-MD-REC-001-hard-A,MD-REC-001-HARD,idle,2103,0.0,1.0,False,objective_incomplete
2103-MD-REC-001-hard-B,MD-REC-001-HARD,sweep,2103,1.0,1.0,True,objective_complete
2103-MD-REC-001-medium-A,MD-REC-001-MEDIUM,idle,2103,0.0,1.0,False,objective_incomplete
2103-MD-REC-001-medium-B,MD-REC-001-MEDIUM,sweep,2103,1.0,1.0,True,objective_complete
2103-MD-REC-002-standard-A,MD-REC-002,sweep,2103,0.737164,1.0,True,objective_complete
2103-MD-REC-002-standard-B,MD-REC-002,coordinated,2103,0.928658,1.0,True,objective_complete
2103-MD-REC-003-standard-A,MD-REC-003,sweep,2103,0.333333,1.0,False,objective_incomplete
2103-MD-REC-003-standard-B,MD-REC-003,coordinated,2103,0.930556,1.0,True,objective_complete
2103-MD-REC-004-standard-A,MD-REC-004,sweep,2103,0.865278,1.0,True,objective_complete
2103-MD-REC-004-standard-B,MD-REC-004,coordinated,2103,0.865278,1.0,True,objective_complete
2103-MD-REC-005-standard-A,MD-REC-005,sweep,2103,0.0,1.0,False,objective_incomplete
2103-MD-REC-005-standard-B,MD-REC-005,coordinated,2103,0.813889,1.0,True,objective_complete
2103-MD-REC-006-standard-A,MD-REC-006,sweep,2103,0.3,1.0,False,objective_incomplete
2103-MD-REC-006-standard-B,MD-REC-006,observation-patrol,2103,0.634783,1.0,True,objective_complete
2103-MD-REC-007-standard-A,MD-REC-007,sweep,2103,0.808333,1.0,True,objective_complete
2103-MD-REC-007-standard-B,MD-REC-007,coordinated,2103,0.808333,1.0,True,objective_complete
2103-MD-REC-008-standard-A,MD-REC-008,sweep,2103,0.166667,1.0,False,objective_incomplete
2103-MD-REC-008-standard-B,MD-REC-008,coordinated,2103,0.677928,1.0,True,objective_complete
2103-MD-TRK-001-standard-A,MD-TRK-001,follow,2103,1.0,1.0,True,objective_complete
2103-MD-TRK-001-standard-B,MD-TRK-001,allocated,2103,0.986425,1.0,True,objective_complete
2103-MD-TRK-002-standard-A,MD-TRK-002,follow,2103,0.945701,1.0,True,objective_complete
2103-MD-TRK-002-standard-B,MD-TRK-002,allocated,2103,0.968326,1.0,True,objective_complete
2103-MD-TRK-003-standard-A,MD-TRK-003,follow,2103,0.05279,1.0,False,objective_incomplete
2103-MD-TRK-003-standard-B,MD-TRK-003,allocated,2103,0.966817,1.0,True,objective_complete
2103-MD-TRK-004-standard-A,MD-TRK-004,follow,2103,0.699754,1.0,False,objective_incomplete
2103-MD-TRK-004-standard-B,MD-TRK-004,allocated,2103,0.981951,1.0,True,objective_complete
2103-MD-TRK-005-standard-A,MD-TRK-005,follow,2103,0.344714,1.0,False,objective_incomplete
2103-MD-TRK-005-standard-B,MD-TRK-005,allocated,2103,0.881903,1.0,True,objective_complete
2103-MD-TRK-006-standard-A,MD-TRK-006,follow,2103,0.978507,1.0,True,objective_complete
2103-MD-TRK-006-standard-B,MD-TRK-006,allocated,2103,0.978507,1.0,True,objective_complete
2103-MD-TRK-007-standard-A,MD-TRK-007,report-honest,2103,0.209423,1.0,False,objective_incomplete
2103-MD-TRK-007-standard-B,MD-TRK-007,identity-honest,2103,0.937217,1.0,True,objective_complete
2103-MD-TRK-008-standard-A,MD-TRK-008,beacon-honest,2103,0.491371,1.0,False,objective_incomplete
2103-MD-TRK-008-standard-B,MD-TRK-008,coverage-honest,2103,0.873376,1.0,True,objective_complete
2104-MD-AD-001-standard-A,MD-AD-001,indiscriminate,2104,0.44375,1.0,False,objective_incomplete
2104-MD-AD-001-standard-B,MD-AD-001,guard,2104,0.452084,1.0,False,objective_incomplete
2104-MD-AD-002-standard-A,MD-AD-002,indiscriminate,2104,0.46875,1.0,False,objective_incomplete
2104-MD-AD-002-standard-B,MD-AD-002,guard,2104,0.4625,1.0,False,objective_incomplete
2104-MD-AD-003-standard-A,MD-AD-003,indiscriminate,2104,0.833333,1.0,False,objective_incomplete
2104-MD-AD-003-standard-B,MD-AD-003,guard,2104,0.643056,1.0,False,objective_incomplete
2104-MD-AD-004-standard-A,MD-AD-004,indiscriminate,2104,0.525,1.0,False,objective_incomplete
2104-MD-AD-004-standard-B,MD-AD-004,guard,2104,0.580556,1.0,False,objective_incomplete
2104-MD-AD-005-standard-A,MD-AD-005,indiscriminate,2104,0.295833,1.0,False,objective_incomplete
2104-MD-AD-005-standard-B,MD-AD-005,guard,2104,0.627778,1.0,False,objective_incomplete
2104-MD-AD-006-standard-A,MD-AD-006,indiscriminate,2104,0.462917,1.0,False,objective_incomplete
2104-MD-AD-006-standard-B,MD-AD-006,guard,2104,0.788333,1.0,False,objective_incomplete
2104-MD-ER-001-standard-A,MD-ER-001,direct,2104,0.718889,1.0,False,objective_incomplete
2104-MD-ER-001-standard-B,MD-ER-001,safe,2104,0.863333,1.0,True,objective_complete
2104-MD-ER-002-standard-A,MD-ER-002,direct,2104,0.835397,1.0,True,objective_complete
2104-MD-ER-002-standard-B,MD-ER-002,team,2104,0.835111,1.0,True,objective_complete
2104-MD-ER-003-standard-A,MD-ER-003,naive,2104,0.93805,1.0,True,objective_complete
2104-MD-ER-003-standard-B,MD-ER-003,coordinated,2104,0.93805,1.0,True,objective_complete
2104-MD-ER-004-standard-A,MD-ER-004,direct,2104,0.942222,1.0,True,objective_complete
2104-MD-ER-004-standard-B,MD-ER-004,preissued,2104,0.942222,1.0,True,objective_complete
2104-MD-ER-005-standard-A,MD-ER-005,naive,2104,0.77692,1.0,False,objective_incomplete
2104-MD-ER-005-standard-B,MD-ER-005,coordinated,2104,0.935739,1.0,True,objective_complete
2104-MD-ER-006-standard-A,MD-ER-006,watch-coordinated,2104,0.772743,1.0,False,objective_incomplete
2104-MD-ER-006-standard-B,MD-ER-006,progress-watch,2104,0.831937,1.0,True,objective_complete
2104-MD-REC-001-easy-A,MD-REC-001-EASY,idle,2104,0.0,1.0,False,objective_incomplete
2104-MD-REC-001-easy-B,MD-REC-001-EASY,sweep,2104,1.0,1.0,True,objective_complete
2104-MD-REC-001-hard-A,MD-REC-001-HARD,idle,2104,0.0,1.0,False,objective_incomplete
2104-MD-REC-001-hard-B,MD-REC-001-HARD,sweep,2104,1.0,1.0,True,objective_complete
2104-MD-REC-001-medium-A,MD-REC-001-MEDIUM,idle,2104,0.0,1.0,False,objective_incomplete
2104-MD-REC-001-medium-B,MD-REC-001-MEDIUM,sweep,2104,1.0,1.0,True,objective_complete
2104-MD-REC-002-standard-A,MD-REC-002,sweep,2104,0.737164,1.0,True,objective_complete
2104-MD-REC-002-standard-B,MD-REC-002,coordinated,2104,0.928658,1.0,True,objective_complete
2104-MD-REC-003-standard-A,MD-REC-003,sweep,2104,0.333333,1.0,False,objective_incomplete
2104-MD-REC-003-standard-B,MD-REC-003,coordinated,2104,0.930556,1.0,True,objective_complete
2104-MD-REC-004-standard-A,MD-REC-004,sweep,2104,0.863889,1.0,True,objective_complete
2104-MD-REC-004-standard-B,MD-REC-004,coordinated,2104,0.863889,1.0,True,objective_complete
2104-MD-REC-005-standard-A,MD-REC-005,sweep,2104,0.0,1.0,False,objective_incomplete
2104-MD-REC-005-standard-B,MD-REC-005,coordinated,2104,0.805556,1.0,True,objective_complete
2104-MD-REC-006-standard-A,MD-REC-006,sweep,2104,0.3,1.0,False,objective_incomplete
2104-MD-REC-006-standard-B,MD-REC-006,observation-patrol,2104,0.637681,1.0,True,objective_complete
2104-MD-REC-007-standard-A,MD-REC-007,sweep,2104,0.808333,1.0,True,objective_complete
2104-MD-REC-007-standard-B,MD-REC-007,coordinated,2104,0.808333,1.0,True,objective_complete
2104-MD-REC-008-standard-A,MD-REC-008,sweep,2104,0.166667,1.0,False,objective_incomplete
2104-MD-REC-008-standard-B,MD-REC-008,coordinated,2104,0.664414,1.0,False,objective_incomplete
2104-MD-TRK-001-standard-A,MD-TRK-001,follow,2104,1.0,1.0,True,objective_complete
2104-MD-TRK-001-standard-B,MD-TRK-001,allocated,2104,0.995475,1.0,True,objective_complete
2104-MD-TRK-002-standard-A,MD-TRK-002,follow,2104,0.404977,1.0,False,objective_incomplete
2104-MD-TRK-002-standard-B,MD-TRK-002,allocated,2104,0.977375,1.0,True,objective_complete
2104-MD-TRK-003-standard-A,MD-TRK-003,follow,2104,0.054299,1.0,False,objective_incomplete
2104-MD-TRK-003-standard-B,MD-TRK-003,allocated,2104,0.971342,1.0,True,objective_complete
2104-MD-TRK-004-standard-A,MD-TRK-004,follow,2104,0.987523,1.0,True,objective_complete
2104-MD-TRK-004-standard-B,MD-TRK-004,allocated,2104,0.99419,1.0,True,objective_complete
2104-MD-TRK-005-standard-A,MD-TRK-005,follow,2104,0.320557,1.0,False,objective_incomplete
2104-MD-TRK-005-standard-B,MD-TRK-005,allocated,2104,0.868483,1.0,False,objective_incomplete
2104-MD-TRK-006-standard-A,MD-TRK-006,follow,2104,0.973982,1.0,True,objective_complete
2104-MD-TRK-006-standard-B,MD-TRK-006,allocated,2104,0.973982,1.0,True,objective_complete
2104-MD-TRK-007-standard-A,MD-TRK-007,report-honest,2104,0.853482,1.0,False,objective_incomplete
2104-MD-TRK-007-standard-B,MD-TRK-007,identity-honest,2104,0.934694,1.0,True,objective_complete
2104-MD-TRK-008-standard-A,MD-TRK-008,beacon-honest,2104,0.461183,1.0,False,objective_incomplete
2104-MD-TRK-008-standard-B,MD-TRK-008,coverage-honest,2104,0.859221,1.0,False,objective_incomplete
2105-MD-AD-001-standard-A,MD-AD-001,indiscriminate,2105,0.44375,1.0,False,objective_incomplete
2105-MD-AD-001-standard-B,MD-AD-001,guard,2105,0.45,1.0,False,objective_incomplete
2105-MD-AD-002-standard-A,MD-AD-002,indiscriminate,2105,0.479166,1.0,False,objective_incomplete
2105-MD-AD-002-standard-B,MD-AD-002,guard,2105,0.4625,1.0,False,objective_incomplete
2105-MD-AD-003-standard-A,MD-AD-003,indiscriminate,2105,0.833333,1.0,False,objective_incomplete
2105-MD-AD-003-standard-B,MD-AD-003,guard,2105,0.651389,1.0,False,objective_incomplete
2105-MD-AD-004-standard-A,MD-AD-004,indiscriminate,2105,0.538889,1.0,False,objective_incomplete
2105-MD-AD-004-standard-B,MD-AD-004,guard,2105,0.583333,1.0,False,objective_incomplete
2105-MD-AD-005-standard-A,MD-AD-005,indiscriminate,2105,0.295833,1.0,False,objective_incomplete
2105-MD-AD-005-standard-B,MD-AD-005,guard,2105,0.618056,1.0,False,objective_incomplete
2105-MD-AD-006-standard-A,MD-AD-006,indiscriminate,2105,0.462917,1.0,False,objective_incomplete
2105-MD-AD-006-standard-B,MD-AD-006,guard,2105,0.788333,1.0,False,objective_incomplete
2105-MD-ER-001-standard-A,MD-ER-001,direct,2105,0.718889,1.0,False,objective_incomplete
2105-MD-ER-001-standard-B,MD-ER-001,safe,2105,0.863333,1.0,True,objective_complete
2105-MD-ER-002-standard-A,MD-ER-002,direct,2105,0.835111,1.0,True,objective_complete
2105-MD-ER-002-standard-B,MD-ER-002,team,2105,0.835111,1.0,True,objective_complete
2105-MD-ER-003-standard-A,MD-ER-003,naive,2105,0.93805,1.0,True,objective_complete
2105-MD-ER-003-standard-B,MD-ER-003,coordinated,2105,0.93805,1.0,True,objective_complete
2105-MD-ER-004-standard-A,MD-ER-004,direct,2105,0.942222,1.0,True,objective_complete
2105-MD-ER-004-standard-B,MD-ER-004,preissued,2105,0.942222,1.0,True,objective_complete
2105-MD-ER-005-standard-A,MD-ER-005,naive,2105,0.704014,1.0,False,objective_incomplete
2105-MD-ER-005-standard-B,MD-ER-005,coordinated,2105,0.935739,1.0,True,objective_complete
2105-MD-ER-006-standard-A,MD-ER-006,watch-coordinated,2105,0.77511,1.0,False,objective_incomplete
2105-MD-ER-006-standard-B,MD-ER-006,progress-watch,2105,0.832754,1.0,True,objective_complete
2105-MD-REC-001-easy-A,MD-REC-001-EASY,idle,2105,0.0,1.0,False,objective_incomplete
2105-MD-REC-001-easy-B,MD-REC-001-EASY,sweep,2105,1.0,1.0,True,objective_complete
2105-MD-REC-001-hard-A,MD-REC-001-HARD,idle,2105,0.0,1.0,False,objective_incomplete
2105-MD-REC-001-hard-B,MD-REC-001-HARD,sweep,2105,1.0,1.0,True,objective_complete
2105-MD-REC-001-medium-A,MD-REC-001-MEDIUM,idle,2105,0.0,1.0,False,objective_incomplete
2105-MD-REC-001-medium-B,MD-REC-001-MEDIUM,sweep,2105,1.0,1.0,True,objective_complete
2105-MD-REC-002-standard-A,MD-REC-002,sweep,2105,0.737164,1.0,True,objective_complete
2105-MD-REC-002-standard-B,MD-REC-002,coordinated,2105,0.928658,1.0,True,objective_complete
2105-MD-REC-003-standard-A,MD-REC-003,sweep,2105,0.333333,1.0,False,objective_incomplete
2105-MD-REC-003-standard-B,MD-REC-003,coordinated,2105,0.930556,1.0,True,objective_complete
2105-MD-REC-004-standard-A,MD-REC-004,sweep,2105,0.865278,1.0,True,objective_complete
2105-MD-REC-004-standard-B,MD-REC-004,coordinated,2105,0.865278,1.0,True,objective_complete
2105-MD-REC-005-standard-A,MD-REC-005,sweep,2105,0.0,1.0,False,objective_incomplete
2105-MD-REC-005-standard-B,MD-REC-005,coordinated,2105,0.811111,1.0,True,objective_complete
2105-MD-REC-006-standard-A,MD-REC-006,sweep,2105,0.3,1.0,False,objective_incomplete
2105-MD-REC-006-standard-B,MD-REC-006,observation-patrol,2105,0.637681,1.0,True,objective_complete
2105-MD-REC-007-standard-A,MD-REC-007,sweep,2105,0.808333,1.0,True,objective_complete
2105-MD-REC-007-standard-B,MD-REC-007,coordinated,2105,0.808333,1.0,True,objective_complete
2105-MD-REC-008-standard-A,MD-REC-008,sweep,2105,0.166667,1.0,False,objective_incomplete
2105-MD-REC-008-standard-B,MD-REC-008,coordinated,2105,0.668919,1.0,True,objective_complete
2105-MD-TRK-001-standard-A,MD-TRK-001,follow,2105,1.0,1.0,True,objective_complete
2105-MD-TRK-001-standard-B,MD-TRK-001,allocated,2105,0.984163,1.0,True,objective_complete
2105-MD-TRK-002-standard-A,MD-TRK-002,follow,2105,0.090497,1.0,False,objective_incomplete
2105-MD-TRK-002-standard-B,MD-TRK-002,allocated,2105,0.984163,1.0,True,objective_complete
2105-MD-TRK-003-standard-A,MD-TRK-003,follow,2105,0.054299,1.0,False,objective_incomplete
2105-MD-TRK-003-standard-B,MD-TRK-003,allocated,2105,0.968326,1.0,True,objective_complete
2105-MD-TRK-004-standard-A,MD-TRK-004,follow,2105,0.990428,1.0,True,objective_complete
2105-MD-TRK-004-standard-B,MD-TRK-004,allocated,2105,0.990428,1.0,True,objective_complete
2105-MD-TRK-005-standard-A,MD-TRK-005,follow,2105,0.347397,1.0,False,objective_incomplete
2105-MD-TRK-005-standard-B,MD-TRK-005,allocated,2105,0.868483,1.0,False,objective_incomplete
2105-MD-TRK-006-standard-A,MD-TRK-006,follow,2105,0.977375,1.0,True,objective_complete
2105-MD-TRK-006-standard-B,MD-TRK-006,allocated,2105,0.977375,1.0,True,objective_complete
2105-MD-TRK-007-standard-A,MD-TRK-007,report-honest,2105,0.714816,1.0,False,objective_incomplete
2105-MD-TRK-007-standard-B,MD-TRK-007,identity-honest,2105,0.935607,1.0,True,objective_complete
2105-MD-TRK-008-standard-A,MD-TRK-008,beacon-honest,2105,0.475795,1.0,False,objective_incomplete
2105-MD-TRK-008-standard-B,MD-TRK-008,coverage-honest,2105,0.85999,1.0,True,objective_complete
