case_id,scenario_key,policy,seed,composite,covered_weight,binary_success,outcome
2001-MD-AD-001-standard-A,MD-AD-001,indiscriminate,2001,1.0,1.0,True,objective_complete
2001-MD-AD-001-standard-B,MD-AD-001,guard,2001,1.0,1.0,True,objective_complete
2001-MD-AD-002-standard-A,MD-AD-002,indiscriminate,2001,1.0,1.0,True,objective_complete
2001-MD-AD-002-standard-B,MD-AD-002,guard,2001,1.0,1.0,True,objective_complete
2001-MD-AD-003-standard-A,MD-AD-003,indiscriminate,2001,0.833333,1.0,False,objective_incomplete
2001-MD-AD-003-standard-B,MD-AD-003,guard,2001,1.0,1.0,True,objective_complete
2001-MD-AD-004-standard-A,MD-AD-004,indiscriminate,2001,1.0,1.0,True,objective_complete
2001-MD-AD-004-standard-B,MD-AD-004,guard,2001,1.0,1.0,True,objective_complete
2001-MD-AD-005-standard-A,MD-AD-005,indiscriminate,2001,0.666667,1.0,False,objective_incomplete
2001-MD-AD-005-standard-B,MD-AD-005,guard,2001,1.0,1.0,True,objective_complete
2001-MD-AD-006-standard-A,MD-AD-006,indiscriminate,2001,0.462917,1.0,False,objective_incomplete
2001-MD-AD-006-standard-B,MD-AD-006,guard,2001,0.788333,1.0,False,objective_incomplete
2001-MD-ER-001-standard-A,MD-ER-001,direct,2001,0.718889,1.0,False,objective_incomplete
2001-MD-ER-001-standard-B,MD-ER-001,safe,2001,0.863333,1.0,True,objective_complete
2001-MD-ER-002-standard-A,MD-ER-002,direct,2001,0.833406,1.0,True,objective_complete
2001-MD-ER-002-standard-B,MD-ER-002,team,2001,0.835111,1.0,True,objective_complete
2001-MD-ER-003-standard-A,MD-ER-003,naive,2001,0.937055,1.0,True,objective_complete
2001-MD-ER-003-standard-B,MD-ER-003,coordinated,2001,0.937055,1.0,True,objective_complete
2001-MD-ER-004-standard-A,MD-ER-004,direct,2001,0.942222,1.0,True,objective_complete
2001-MD-ER-004-standard-B,MD-ER-004,preissued,2001,0.942222,1.0,True,objective_complete
2001-MD-ER-005-standard-A,MD-ER-005,naive,2001,0.77692,1.0,False,objective_incomplete
2001-MD-ER-005-standard-B,MD-ER-005,coordinated,2001,0.935739,1.0,True,objective_complete
2001-MD-ER-006-standard-A,MD-ER-006,watch-coordinated,2001,0.775178,1.0,False,objective_incomplete
2001-MD-ER-006-standard-B,MD-ER-006,progress-watch,2001,0.833458,1.0,True,objective_complete
2001-MD-REC-001-easy-A,MD-REC-001-EASY,idle,2001,0.0,1.0,False,objective_incomplete
2001-MD-REC-001-easy-B,MD-REC-001-EASY,sweep,2001,1.0,1.0,True,objective_complete
2001-MD-REC-001-hard-A,MD-REC-001-HARD,idle,2001,0.0,1.0,False,objective_incomplete
2001-MD-REC-001-hard-B,MD-REC-001-HARD,sweep,2001,1.0,1.0,True,objective_complete
2001-MD-REC-001-medium-A,MD-REC-001-MEDIUM,idle,2001,0.0,1.0,False,objective_incomplete
2001-MD-REC-001-medium-B,MD-REC-001-MEDIUM,sweep,2001,1.0,1.0,True,objective_complete
2001-MD-REC-002-standard-A,MD-REC-002,sweep,2001,0.737164,1.0,True,objective_complete
2001-MD-REC-002-standard-B,MD-REC-002,coordinated,2001,0.928658,1.0,True,objective_complete
2001-MD-REC-003-standard-A,MD-REC-003,sweep,2001,0.333333,1.0,False,objective_incomplete
2001-MD-REC-003-standard-B,MD-REC-003,coordinated,2001,0.930556,1.0,True,objective_complete
2001-MD-REC-004-standard-A,MD-REC-004,sweep,2001,0.865278,1.0,True,objective_complete
2001-MD-REC-004-standard-B,MD-REC-004,coordinated,2001,0.865278,1.0,True,objective_complete
2001-MD-REC-005-standard-A,MD-REC-005,sweep,2001,0.0,1.0,False,objective_incomplete
2001-MD-REC-005-standard-B,MD-REC-005,coordinated,2001,0.804167,1.0,True,objective_complete
2001-MD-REC-006-standard-A,MD-REC-006,sweep,2001,0.3,1.0,False,objective_incomplete
2001-MD-REC-006-standard-B,MD-REC-006,observation-patrol,2001,0.634783,1.0,True,objective_complete
2001-MD-REC-007-standard-A,MD-REC-007,sweep,2001,0.808333,1.0,True,objective_complete
2001-MD-REC-007-standard-B,MD-REC-007,coordinated,2001,0.808333,1.0,True,objective_complete
2001-MD-REC-008-standard-A,MD-REC-008,sweep,2001,0.166667,1.0,False,objective_incomplete
2001-MD-REC-008-standard-B,MD-REC-008,coordinated,2001,0.666667,1.0,False,objective_incomplete
2001-MD-TRK-001-standard-A,MD-TRK-001,follow,2001,1.0,1.0,True,objective_complete
2001-MD-TRK-001-standard-B,MD-TRK-001,allocated,2001,0.988688,1.0,True,objective_complete
2001-MD-TRK-002-standard-A,MD-TRK-002,follow,2001,0.993213,1.0,True,objective_complete
2001-MD-TRK-002-standard-B,MD-TRK-002,allocated,2001,0.981901,1.0,True,objective_complete
2001-MD-TRK-003-standard-A,MD-TRK-003,follow,2001,0.05279,1.0,False,objective_incomplete
2001-MD-TRK-003-standard-B,MD-TRK-003,allocated,2001,0.966817,1.0,True,objective_complete
2001-MD-TRK-004-standard-A,MD-TRK-004,follow,2001,0.716898,1.0,False,objective_incomplete
2001-MD-TRK-004-standard-B,MD-TRK-004,allocated,2001,0.989523,1.0,True,objective_complete
2001-MD-TRK-005-standard-A,MD-TRK-005,follow,2001,0.320557,1.0,False,objective_incomplete
2001-MD-TRK-005-standard-B,MD-TRK-005,allocated,2001,0.884587,1.0,True,objective_complete
2001-MD-TRK-006-standard-A,MD-TRK-006,follow,2001,0.963801,1.0,True,objective_complete
2001-MD-TRK-006-standard-B,MD-TRK-006,allocated,2001,0.963801,1.0,True,objective_complete
2001-MD-TRK-007-standard-A,MD-TRK-007,report-honest,2001,0.930343,1.0,True,objective_complete
2001-MD-TRK-007-standard-B,MD-TRK-007,identity-honest,2001,0.941481,1.0,True,objective_complete
2001-MD-TRK-008-standard-A,MD-TRK-008,beacon-honest,2001,0.471458,1.0,False,objective_incomplete
2001-MD-TRK-008-standard-B,MD-TRK-008,coverage-honest,2001,0.863702,1.0,False,objective_incomplete
