case_id,scenario_id,policy,seed,outcome,rule_id,success,final_tick,evidence
2001-MD-AD-001-standard-A,MD-AD-001,indiscriminate,2001,objective_complete,rule.success,True,241,artifacts/competition_four_categories/ad-MD-AD-001-indiscriminate-2001-20261003T073928293728Z.json
2001-MD-AD-001-standard-B,MD-AD-001,guard,2001,objective_complete,rule.success,True,241,artifacts/competition_four_categories/ad-MD-AD-001-guard-2001-20261003T073953285048Z.json
2001-MD-AD-002-standard-A,MD-AD-002,indiscriminate,2001,objective_complete,rule.success,True,241,artifacts/competition_four_categories/ad-MD-AD-002-indiscriminate-2001-20261003T074025063138Z.json
2001-MD-AD-002-standard-B,MD-AD-002,guard,2001,objective_complete,rule.success,True,241,artifacts/competition_four_categories/ad-MD-AD-002-guard-2001-20261003T074050680223Z.json
2001-MD-AD-003-standard-A,MD-AD-003,indiscriminate,2001,objective_incomplete,rule.timeout,False,241,artifacts/competition_four_categories/ad-MD-AD-003-indiscriminate-2001-20261003T074119773411Z.json
2001-MD-AD-003-standard-B,MD-AD-003,guard,2001,objective_complete,rule.success,True,241,artifacts/competition_four_categories/ad-MD-AD-003-guard-2001-20261003T074153362571Z.json
2001-MD-AD-004-standard-A,MD-AD-004,indiscriminate,2001,objective_complete,rule.success,True,241,artifacts/competition_four_categories/ad-MD-AD-004-indiscriminate-2001-20261003T074227043002Z.json
2001-MD-AD-004-standard-B,MD-AD-004,guard,2001,objective_complete,rule.success,True,241,artifacts/competition_four_categories/ad-MD-AD-004-guard-2001-20261003T074255843948Z.json
2001-MD-AD-005-standard-A,MD-AD-005,indiscriminate,2001,objective_incomplete,rule.timeout,False,241,artifacts/competition_four_categories/ad-MD-AD-005-indiscriminate-2001-20261003T074327230161Z.json
2001-MD-AD-005-standard-B,MD-AD-005,guard,2001,objective_complete,rule.success,True,241,artifacts/competition_four_categories/ad-MD-AD-005-guard-2001-20261003T074401796913Z.json
2001-MD-AD-006-standard-A,MD-AD-006,indiscriminate,2001,objective_incomplete,rule.timeout,False,241,artifacts/competition_four_categories/ad-MD-AD-006-indiscriminate-2001-20261003T074523285440Z.json
2001-MD-AD-006-standard-B,MD-AD-006,guard,2001,objective_incomplete,rule.timeout,False,241,artifacts/competition_four_categories/ad-MD-AD-006-guard-2001-20261003T074648029133Z.json
2001-MD-ER-001-standard-A,MD-ER-001,direct,2001,objective_incomplete,rule.timeout,False,181,artifacts/competition_four_categories/er-MD-ER-001-direct-2001-20261003T074653411021Z.json
2001-MD-ER-001-standard-B,MD-ER-001,safe,2001,objective_complete,rule.success,True,125,artifacts/competition_four_categories/er-MD-ER-001-safe-2001-20261003T074656382245Z.json
2001-MD-ER-002-standard-A,MD-ER-002,direct,2001,objective_complete,rule.success,True,79,artifacts/competition_four_categories/er-MD-ER-002-direct-2001-20261003T074700144938Z.json
2001-MD-ER-002-standard-B,MD-ER-002,team,2001,objective_complete,rule.success,True,68,artifacts/competition_four_categories/er-MD-ER-002-team-2001-20261003T074702687766Z.json
2001-MD-ER-003-standard-A,MD-ER-003,naive,2001,objective_complete,rule.success,True,78,artifacts/competition_four_categories/er-MD-ER-003-naive-2001-20261003T074713344925Z.json
2001-MD-ER-003-standard-B,MD-ER-003,coordinated,2001,objective_complete,rule.success,True,78,artifacts/competition_four_categories/er-MD-ER-003-coordinated-2001-20261003T074717744389Z.json
2001-MD-ER-004-standard-A,MD-ER-004,direct,2001,objective_complete,rule.success,True,54,artifacts/competition_four_categories/er-MD-ER-004-direct-2001-20261003T074705963126Z.json
2001-MD-ER-004-standard-B,MD-ER-004,preissued,2001,objective_complete,rule.success,True,54,artifacts/competition_four_categories/er-MD-ER-004-preissued-2001-20261003T074707913306Z.json
2001-MD-ER-005-standard-A,MD-ER-005,naive,2001,objective_incomplete,rule.timeout,False,181,artifacts/competition_four_categories/er-MD-ER-005-naive-2001-20261003T074732093741Z.json
2001-MD-ER-005-standard-B,MD-ER-005,coordinated,2001,objective_complete,rule.success,True,83,artifacts/competition_four_categories/er-MD-ER-005-coordinated-2001-20261003T074737473925Z.json
2001-MD-ER-006-standard-A,MD-ER-006,watch-coordinated,2001,objective_incomplete,rule.timeout,False,241,artifacts/competition_four_categories/er-MD-ER-006-watch-coordinated-2001-20261003T074804253846Z.json
2001-MD-ER-006-standard-B,MD-ER-006,progress-watch,2001,objective_complete,rule.success,True,225,artifacts/competition_four_categories/er-MD-ER-006-progress-watch-2001-20261003T074827725204Z.json
2001-MD-REC-001-easy-A,MD-REC-001,idle,2001,objective_incomplete,rule.timeout,False,181,artifacts/competition_four_categories/rec001-easy-idle-2001-20261003T065840733471Z.json
2001-MD-REC-001-easy-B,MD-REC-001,sweep,2001,objective_complete,rule.success,True,62,artifacts/competition_four_categories/rec001-easy-sweep-2001-20261003T065852676724Z.json
2001-MD-REC-001-hard-A,MD-REC-001,idle,2001,objective_incomplete,rule.timeout,False,141,artifacts/competition_four_categories/rec001-hard-idle-2001-20261003T070022774400Z.json
2001-MD-REC-001-hard-B,MD-REC-001,sweep,2001,objective_complete,rule.success,True,113,artifacts/competition_four_categories/rec001-hard-sweep-2001-20261003T070054743243Z.json
2001-MD-REC-001-medium-A,MD-REC-001,idle,2001,objective_incomplete,rule.timeout,False,161,artifacts/competition_four_categories/rec001-medium-idle-2001-20261003T065927636501Z.json
2001-MD-REC-001-medium-B,MD-REC-001,sweep,2001,objective_complete,rule.success,True,63,artifacts/competition_four_categories/rec001-medium-sweep-2001-20261003T065943677641Z.json
2001-MD-REC-002-standard-A,MD-REC-002,sweep,2001,objective_complete,rule.success,True,241,artifacts/competition_four_categories/rec-MD-REC-002-sweep-2001-20261003T070149097953Z.json
2001-MD-REC-002-standard-B,MD-REC-002,coordinated,2001,objective_complete,rule.success,True,241,artifacts/competition_four_categories/rec-MD-REC-002-coordinated-2001-20261003T070301736273Z.json
2001-MD-REC-003-standard-A,MD-REC-003,sweep,2001,objective_incomplete,rule.timeout,False,241,artifacts/competition_four_categories/rec-MD-REC-003-sweep-2001-20261003T070348304487Z.json
2001-MD-REC-003-standard-B,MD-REC-003,coordinated,2001,objective_complete,rule.success,True,241,artifacts/competition_four_categories/rec-MD-REC-003-coordinated-2001-20261003T070456195956Z.json
2001-MD-REC-004-standard-A,MD-REC-004,sweep,2001,objective_complete,rule.success,True,241,artifacts/competition_four_categories/rec-MD-REC-004-sweep-2001-20261003T070549166939Z.json
2001-MD-REC-004-standard-B,MD-REC-004,coordinated,2001,objective_complete,rule.success,True,241,artifacts/competition_four_categories/rec-MD-REC-004-coordinated-2001-20261003T070643950762Z.json
2001-MD-REC-005-standard-A,MD-REC-005,sweep,2001,objective_incomplete,rule.timeout,False,241,artifacts/competition_four_categories/rec-MD-REC-005-sweep-2001-20261003T070737225308Z.json
2001-MD-REC-005-standard-B,MD-REC-005,coordinated,2001,objective_complete,rule.success,True,241,artifacts/competition_four_categories/rec-MD-REC-005-coordinated-2001-20261003T070837484712Z.json
2001-MD-REC-006-standard-A,MD-REC-006,sweep,2001,objective_incomplete,rule.timeout,False,241,artifacts/competition_four_categories/rec-MD-REC-006-sweep-2001-20261003T070933699205Z.json
2001-MD-REC-006-standard-B,MD-REC-006,observation-patrol,2001,objective_complete,rule.success,True,241,artifacts/competition_four_categories/rec-MD-REC-006-observation-patrol-2001-20261003T071045888046Z.json
2001-MD-REC-007-standard-A,MD-REC-007,sweep,2001,objective_complete,rule.success,True,241,artifacts/competition_four_categories/rec-MD-REC-007-sweep-2001-20261003T071147559843Z.json
2001-MD-REC-007-standard-B,MD-REC-007,coordinated,2001,objective_complete,rule.success,True,241,artifacts/competition_four_categories/rec-MD-REC-007-coordinated-2001-20261003T071255750205Z.json
2001-MD-REC-008-standard-A,MD-REC-008,sweep,2001,objective_incomplete,rule.timeout,False,241,artifacts/competition_four_categories/rec-MD-REC-008-sweep-2001-20261003T071429679788Z.json
2001-MD-REC-008-standard-B,MD-REC-008,coordinated,2001,objective_incomplete,rule.timeout,False,241,artifacts/competition_four_categories/rec-MD-REC-008-coordinated-2001-20261003T071701568461Z.json
2001-MD-TRK-001-standard-A,MD-TRK-001,follow,2001,objective_complete,rule.success,True,241,artifacts/competition_four_categories/trk-MD-TRK-001-follow-2001-20261003T071738328679Z.json
2001-MD-TRK-001-standard-B,MD-TRK-001,allocated,2001,objective_complete,rule.success,True,241,artifacts/competition_four_categories/trk-MD-TRK-001-allocated-2001-20261003T071814527603Z.json
2001-MD-TRK-002-standard-A,MD-TRK-002,follow,2001,objective_complete,rule.success,True,241,artifacts/competition_four_categories/trk-MD-TRK-002-follow-2001-20261003T071906641719Z.json
2001-MD-TRK-002-standard-B,MD-TRK-002,allocated,2001,objective_complete,rule.success,True,241,artifacts/competition_four_categories/trk-MD-TRK-002-allocated-2001-20261003T072012258154Z.json
2001-MD-TRK-003-standard-A,MD-TRK-003,follow,2001,objective_incomplete,rule.timeout,False,241,artifacts/competition_four_categories/trk-MD-TRK-003-follow-2001-20261003T072048832198Z.json
2001-MD-TRK-003-standard-B,MD-TRK-003,allocated,2001,objective_complete,rule.success,True,241,artifacts/competition_four_categories/trk-MD-TRK-003-allocated-2001-20261003T072135647426Z.json
2001-MD-TRK-004-standard-A,MD-TRK-004,follow,2001,objective_incomplete,rule.timeout,False,241,artifacts/competition_four_categories/trk-MD-TRK-004-follow-2001-20261003T072200926872Z.json
2001-MD-TRK-004-standard-B,MD-TRK-004,allocated,2001,objective_complete,rule.success,True,241,artifacts/competition_four_categories/trk-MD-TRK-004-allocated-2001-20261003T072231484712Z.json
2001-MD-TRK-005-standard-A,MD-TRK-005,follow,2001,objective_incomplete,rule.timeout,False,241,artifacts/competition_four_categories/trk-MD-TRK-005-follow-2001-20261003T072324305485Z.json
2001-MD-TRK-005-standard-B,MD-TRK-005,allocated,2001,objective_complete,rule.success,True,241,artifacts/competition_four_categories/trk-MD-TRK-005-allocated-2001-20261003T072417374708Z.json
2001-MD-TRK-006-standard-A,MD-TRK-006,follow,2001,objective_complete,rule.success,True,241,artifacts/competition_four_categories/trk-MD-TRK-006-follow-2001-20261003T072453600559Z.json
2001-MD-TRK-006-standard-B,MD-TRK-006,allocated,2001,objective_complete,rule.success,True,241,artifacts/competition_four_categories/trk-MD-TRK-006-allocated-2001-20261003T072529949132Z.json
2001-MD-TRK-007-standard-A,MD-TRK-007,report-honest,2001,objective_complete,rule.success,True,241,artifacts/competition_four_categories/trk-MD-TRK-007-report-honest-2001-20261003T072617432580Z.json
2001-MD-TRK-007-standard-B,MD-TRK-007,identity-honest,2001,objective_complete,rule.success,True,241,artifacts/competition_four_categories/trk-MD-TRK-007-identity-honest-2001-20261003T072737310104Z.json
2001-MD-TRK-008-standard-A,MD-TRK-008,beacon-honest,2001,objective_incomplete,rule.timeout,False,241,artifacts/competition_four_categories/trk-MD-TRK-008-beacon-honest-2001-20261003T073305439828Z.json
2001-MD-TRK-008-standard-B,MD-TRK-008,coverage-honest,2001,objective_incomplete,rule.timeout,False,241,artifacts/competition_four_categories/trk-MD-TRK-008-coverage-honest-2001-20261003T073855449246Z.json
