public_id,package,category,package_sha256_16,d2_graded_verdict,d2_binary_verdict,best_baseline_policy,composite,ci_low,ci_high,band,outside_window,composite_before_calibration,d1prime_prior,evidence
MD-AD-001-STANDARD,md_ad_001_standard,区域拒止 Area Denial,622ee1df059adc82,pass,fail,indiscriminate,0.4425,0.42999960000000004,0.454166,below_window,False,1.0,1.833,role_c_toolkit/artifacts/e4-scenario-family/analysis/d2_headroom_final2.json
MD-AD-002-STANDARD,md_ad_002_standard,区域拒止 Area Denial,f3b24678459fea1a,pass,fail,indiscriminate,0.4733,0.4687498,0.47708300000000003,window,False,1.0,1.667,role_c_toolkit/artifacts/e4-scenario-family/analysis/d2_headroom_final2.json
MD-AD-003-STANDARD,md_ad_003_standard,区域拒止 Area Denial,529e6cfc7f1cef4c,pass,fail,indiscriminate,0.8333,0.833333,0.833333,window,False,1.0,1.833,role_c_toolkit/artifacts/e4-scenario-family/analysis/d2_headroom_final2.json
MD-AD-004-STANDARD,md_ad_004_standard,区域拒止 Area Denial,b94d51ef467f8d9a,pass,fail,guard,0.5761,0.5611108,0.5858334000000001,window,False,1.0,2.333,role_c_toolkit/artifacts/e4-scenario-family/analysis/d2_headroom_final2.json
MD-AD-005-STANDARD,md_ad_005_standard,区域拒止 Area Denial,ba2deda546dfefec,pass,fail,guard,0.6208,0.6183336,0.6244446,window,False,1.0,2.167,role_c_toolkit/artifacts/e4-scenario-family/analysis/d2_headroom_final2.json
MD-AD-006-STANDARD,md_ad_006_standard,区域拒止 Area Denial,fca53145e4a1e853,pass,fail,guard,0.7883,0.788333,0.788333,window,False,0.7883,2.333,role_c_toolkit/artifacts/e4-scenario-family/analysis/d2_headroom_final2.json
MD-ER-001-STANDARD,md_er_001_standard,应急响应 Emergency Response,5d0ae9d6fd62fc36,fail,fail,safe,0.8633,0.8633330000000001,0.8633330000000001,near_ceiling,True,0.8633,1.833,role_c_toolkit/artifacts/e4-scenario-family/analysis/d2_headroom_final2.json
MD-ER-002-STANDARD,md_er_002_standard,应急响应 Emergency Response,f3acdec138c54732,pass,fail,team,0.8352,0.835111,0.8352826,window,False,0.8352,1.5,role_c_toolkit/artifacts/e4-scenario-family/analysis/d2_headroom_final2.json
MD-ER-003-STANDARD,md_er_003_standard,应急响应 Emergency Response,5b1f588acdabe1ae,pass,fail,naive,0.4529,0.45288500000000004,0.45288500000000004,window,False,0.9377,1.833,role_c_toolkit/artifacts/e4-scenario-family/analysis/d2_headroom_final2.json
MD-ER-004-STANDARD,md_er_004_standard,应急响应 Emergency Response,050c1b0b9aa5701a,fail,fail,preissued,0.9422,0.9422219999999999,0.9422219999999999,near_ceiling,True,0.9422,2.333,role_c_toolkit/artifacts/e4-scenario-family/analysis/d2_headroom_final2.json
MD-ER-005-STANDARD,md_er_005_standard,应急响应 Emergency Response,3d30ce31721ec73c,pass,fail,coordinated,0.4529,0.45288500000000004,0.45288500000000004,window,False,0.9351,2.0,role_c_toolkit/artifacts/e4-scenario-family/analysis/d2_headroom_final2.json
MD-ER-006-STANDARD,md_er_006_standard,应急响应 Emergency Response,73c39c0a7fb03ed6,pass,fail,progress-watch,0.8329,0.8324954,0.8332234000000002,window,False,0.8329,1.833,role_c_toolkit/artifacts/e4-scenario-family/analysis/d2_headroom_final2.json
MD-REC-001-MEDIUM,md_rec_001_medium,侦察搜索 Reconnaissance,7ff88e46526d9123,fail,fail,sweep,1.0,1.0,1.0,near_ceiling,True,1.0,2.167,role_c_toolkit/artifacts/e4-scenario-family/analysis/d2_headroom_final2.json
MD-REC-002-STANDARD,md_rec_002_standard,侦察搜索 Reconnaissance,d650f05a3ee1443b,fail,fail,coordinated,0.9282,0.9278252,0.9286580000000001,near_ceiling,True,0.9287,2.167,role_c_toolkit/artifacts/e4-scenario-family/analysis/d2_headroom_final2.json
MD-REC-003-STANDARD,md_rec_003_standard,侦察搜索 Reconnaissance,f882e6121551b248,fail,fail,coordinated,0.9306,0.9305559999999999,0.9305559999999999,near_ceiling,True,0.9306,2.333,role_c_toolkit/artifacts/e4-scenario-family/analysis/d2_headroom_final2.json
MD-REC-004-STANDARD,md_rec_004_standard,侦察搜索 Reconnaissance,e4d28cca1b46a9db,fail,fail,sweep,0.8653,0.865278,0.865278,near_ceiling,True,0.8647,2.167,role_c_toolkit/artifacts/e4-scenario-family/analysis/d2_headroom_final2.json
MD-REC-005-STANDARD,md_rec_005_standard,侦察搜索 Reconnaissance,57248c139a01d751,pass,fail,coordinated,0.8,0.793611,0.8083334000000001,window,False,0.8042,2.5,role_c_toolkit/artifacts/e4-scenario-family/analysis/d2_headroom_final2.json
MD-REC-006-STANDARD,md_rec_006_standard,侦察搜索 Reconnaissance,4ccddf25d01c896e,pass,fail,observation-patrol,0.6348,0.6325078000000001,0.6371014,window,False,0.6352,2.167,role_c_toolkit/artifacts/e4-scenario-family/analysis/d2_headroom_final2.json
MD-REC-007-STANDARD,md_rec_007_standard,侦察搜索 Reconnaissance,a2bc7ea7f446d737,pass,fail,sweep,0.8083,0.808333,0.808333,window,False,0.8083,2.333,role_c_toolkit/artifacts/e4-scenario-family/analysis/d2_headroom_final2.json
MD-REC-008-STANDARD,md_rec_008_standard,侦察搜索 Reconnaissance,35c4c627026140ab,pass,pass,coordinated,0.6712,0.6662166,0.6783785999999999,window,False,0.6712,2.333,role_c_toolkit/artifacts/e4-scenario-family/analysis/d2_headroom_final2.json
MD-TRK-001-STANDARD,md_trk_001_standard,持续跟踪 Tracking,a304dd1ca92d122f,pass,fail,follow,0.4308,0.4289594,0.43212700000000004,window,False,1.0,1.5,role_c_toolkit/artifacts/e4-scenario-family/analysis/d2_headroom_final2.json
MD-TRK-002-STANDARD,md_trk_002_standard,持续跟踪 Tracking,406dc5e28e1027a6,fail,fail,follow,0.3932,0.3846158,0.4009048,below_window,True,0.9778,1.667,role_c_toolkit/artifacts/e4-scenario-family/analysis/d2_headroom_final2.json
MD-TRK-003-STANDARD,md_trk_003_standard,持续跟踪 Tracking,365d94aab2deb768,fail,fail,allocated,0.9659,0.9647058,0.9671192000000002,near_ceiling,True,0.9689,2.0,role_c_toolkit/artifacts/e4-scenario-family/analysis/d2_headroom_final2.json
MD-TRK-004-STANDARD,md_trk_004_standard,持续跟踪 Tracking,1cf7e66f5883d597,fail,fail,allocated,0.9666,0.9630548000000001,0.970703,near_ceiling,True,0.9808,1.833,role_c_toolkit/artifacts/e4-scenario-family/analysis/d2_headroom_final2.json
MD-TRK-005-STANDARD,md_trk_005_standard,持续跟踪 Tracking,6626154837225568,fail,pass,allocated,0.8712,0.8598942,0.8824398,near_ceiling,True,0.8787,1.667,role_c_toolkit/artifacts/e4-scenario-family/analysis/d2_headroom_final2.json
MD-TRK-006-STANDARD,md_trk_006_standard,持续跟踪 Tracking,9cc5f37e82eda6d1,pass,fail,follow,0.6862,0.6823528000000001,0.6893662,window,False,0.9724,2.167,role_c_toolkit/artifacts/e4-scenario-family/analysis/d2_headroom_final2.json
MD-TRK-007-STANDARD,md_trk_007_standard,持续跟踪 Tracking,bd5e3ee47b038d60,fail,fail,identity-honest,0.9367,0.9337709999999999,0.9392706000000001,near_ceiling,True,0.9343,2.167,role_c_toolkit/artifacts/e4-scenario-family/analysis/d2_headroom_final2.json
MD-TRK-008-STANDARD,md_trk_008_standard,持续跟踪 Tracking,448b82afef1f3cc4,fail,pass,coverage-honest,0.8609,0.8575098000000001,0.8643838,near_ceiling,True,0.8636,2.333,role_c_toolkit/artifacts/e4-scenario-family/analysis/d2_headroom_final2.json
