threshold,fpr,tpr
1.000001,0.0,0.0
0.9218627627391665,0.0,0.0
0.9122461688667778,0.015,0.0
0.8872493458862807,0.025,0.0
0.8696140524074599,0.025,0.005
0.8490609251256841,0.025,0.01
0.8446901583594687,0.03,0.01
0.8408732768066363,0.03,0.015
0.8383579350006175,0.035,0.015
0.8369384378669672,0.04,0.015
0.8250927249517869,0.045,0.015
0.813585730719262,0.045,0.02
0.8077557373389337,0.045,0.025
0.8032911938322503,0.045,0.03
0.7990538250020605,0.05,0.03
0.7982509035542545,0.05,0.035
0.7947868362831098,0.055,0.035
0.7871812738636086,0.06,0.035
0.7869123504538712,0.06,0.04
0.7862457368141259,0.06,0.045
0.7816769234951869,0.06,0.05
0.777513513514886,0.06,0.055
0.7773109585953143,0.065,0.055
0.7761082000883794,0.065,0.06
0.7745701746587871,0.065,0.065
0.7742937731074216,0.065,0.07
0.7737893463440645,0.07,0.07
0.7729676965720402,0.075,0.07
0.7708601229514318,0.08,0.07
0.7703225901082521,0.085,0.07
0.7697001549192476,0.085,0.075
0.7669560946055893,0.085,0.08
0.7668600783511946,0.085,0.085
0.7622991601107283,0.085,0.09
0.7613485081891754,0.085,0.095
0.7603676446418488,0.09,0.095
0.7599671965517103,0.09,0.1
0.7586943742761482,0.09,0.105
0.7584818730742682,0.09,0.11
0.7572187826336845,0.095,0.11
0.7566597737578851,0.095,0.115
0.7565081809158523,0.095,0.12
0.7564559673226918,0.095,0.125
0.753774595506177,0.095,0.13
0.7532183818487199,0.095,0.135
0.7528768195442737,0.095,0.14
0.7507649081785078,0.1,0.14
0.7506299142393127,0.1,0.145
0.7473469626292905,0.1,0.15
0.7452025457904554,0.1,0.155
0.744563802386505,0.105,0.155
0.7428196104278427,0.105,0.16
0.741786002011508,0.105,0.165
0.7408435748695983,0.105,0.17
0.7405969301255511,0.105,0.175
0.7388047299481464,0.105,0.18
0.7381640307922169,0.105,0.185
0.7380683376533518,0.105,0.19
0.737915417358872,0.105,0.195
0.7378814198394795,0.105,0.2
0.7362931410170372,0.105,0.205
0.7361165374806796,0.105,0.21
0.7355352037397634,0.11,0.21
0.7355141520641143,0.11,0.215
0.7339306670074671,0.11,0.22
0.7318938362979162,0.11,0.225
0.7317945886352341,0.11,0.23
0.730437210049028,0.12,0.235
0.7300345160611729,0.12,0.24
0.729921240419958,0.12,0.245
0.728611190320781,0.12,0.25
0.7271020755787765,0.12,0.255
0.7269772651010237,0.12,0.26
0.7258280941628531,0.12,0.265
0.7254677144040427,0.12,0.27
0.7247820630478847,0.12,0.275
0.723099508455526,0.12,0.28
0.7212711154216349,0.125,0.28
0.7211378950397844,0.125,0.285
0.720874772540288,0.125,0.29
0.7205785103858705,0.125,0.295
0.71954363158798,0.125,0.3
0.7194109399439179,0.13,0.3
0.7187206658003316,0.13,0.305
0.7147823764059265,0.13,0.31
0.7146151056576151,0.13,0.315
0.7136486676676015,0.135,0.315
0.7109188989343003,0.135,0.32
0.7105676993942812,0.135,0.325
0.7066604483608023,0.135,0.345
0.7058997698350922,0.135,0.35
0.705879254371501,0.14,0.35
0.7053732608813735,0.145,0.35
0.7028379668810691,0.145,0.355
0.6989784676017742,0.145,0.36
0.6983121368879803,0.145,0.365
0.6981262700488021,0.145,0.37
0.6963719003544333,0.145,0.375
0.6958367116851896,0.145,0.38
0.6918872106687083,0.145,0.385
0.6913334600845138,0.145,0.39
0.6912790600866671,0.145,0.395
0.691083127530362,0.15,0.395
0.6896598077107632,0.15,0.4
0.68881510894399,0.155,0.4
0.6886194439052025,0.155,0.405
0.6880398234390348,0.16,0.405
0.6879847675957588,0.16,0.41
0.6879574205208107,0.16,0.415
0.6866940321730114,0.165,0.415
0.6851845132116686,0.165,0.42
0.682935472986838,0.165,0.425
0.6824434181408248,0.17,0.425
0.6823654761298991,0.17,0.43
0.6823124121993788,0.17,0.435
0.6813857825503966,0.17,0.44
0.681074587777648,0.17,0.445
0.6801748824851138,0.17,0.45
0.6799855747300412,0.17,0.455
0.679906942652314,0.17,0.46
0.6783913977804881,0.175,0.46
0.6779429455588052,0.18,0.46
0.6763180672819356,0.18,0.465
0.6761924072499593,0.18,0.47
0.6755050388937826,0.18,0.475
0.6754112716452327,0.18,0.48
0.6741520528763947,0.18,0.485
0.6739570932066767,0.18,0.49
0.673145806223358,0.185,0.49
0.6724821593473794,0.19,0.49
0.6706379138992694,0.19,0.495
0.6700161685442019,0.19,0.5
0.6687977849621922,0.195,0.5
0.668486059036056,0.195,0.505
0.6674119553371675,0.195,0.51
0.6671349344776313,0.195,0.515
0.6669487417408516,0.195,0.52
0.6661912734617025,0.2,0.52
0.6659321249191416,0.2,0.525
0.6646438076024483,0.205,0.525
0.663960961211928,0.205,0.53
0.6637779156982392,0.205,0.54
0.6622916537065672,0.21,0.54
0.6614843838477912,0.215,0.54
0.6610906853303677,0.215,0.545
0.6592988430718522,0.22,0.545
0.6567446299058448,0.22,0.55
0.6556603377613401,0.22,0.555
0.6545242157162542,0.225,0.555
0.6508724065549373,0.23,0.555
0.6507109621554212,0.23,0.56
0.6501038841285598,0.235,0.56
0.6499882702835753,0.24,0.56
0.6486808656076406,0.24,0.565
0.6480748941857427,0.245,0.565
0.647536116022848,0.245,0.57
0.6474656607160213,0.245,0.58
0.6472556800132232,0.245,0.585
0.6465731266709073,0.25,0.585
0.6454378202613863,0.255,0.585
0.6449664629587025,0.26,0.585
0.6434944446829489,0.26,0.59
0.641367335630975,0.26,0.595
0.6413149599431126,0.26,0.6
0.6380453504111325,0.26,0.605
0.6368920364930477,0.26,0.61
0.6349549481333832,0.26,0.615
0.6346436714486077,0.265,0.615
0.6338074359436519,0.265,0.62
0.6332754794728861,0.265,0.625
0.6325134431625943,0.265,0.63
0.6324676036951591,0.265,0.635
0.6314055451929647,0.27,0.635
0.6298137039117208,0.27,0.64
0.6270972699725548,0.27,0.645
0.6270608045725208,0.27,0.65
0.6234123769306738,0.275,0.65
0.6215634625585511,0.28,0.65
0.6201833639090797,0.28,0.655
0.6167735145843498,0.28,0.66
0.6166719137983915,0.285,0.66
0.6153933014416685,0.285,0.665
0.6086335648061509,0.285,0.67
0.6082933768369786,0.29,0.67
0.6079984116529608,0.29,0.675
0.6071369655142251,0.295,0.675
0.6033242685816456,0.295,0.68
0.5991694684628601,0.295,0.685
0.5986505067116579,0.295,0.69
0.5982225287804009,0.295,0.695
0.5974616023861279,0.295,0.7
0.5962189672367532,0.295,0.705
0.5957399073442903,0.295,0.71
0.5915364854651264,0.295,0.715
0.5913372346954767,0.295,0.72
0.5909827475801842,0.295,0.725
0.5907807488584059,0.295,0.73
0.590636415514722,0.3,0.73
0.589951940224527,0.305,0.73
0.5896036237481715,0.305,0.735
0.5894575135842833,0.305,0.74
0.5853084071041039,0.305,0.745
0.5847201306316363,0.305,0.75
0.5798073723597414,0.31,0.75
0.5791221324500286,0.31,0.755
0.5783181263670598,0.31,0.76
0.5781709536338919,0.31,0.765
0.5781415803197775,0.315,0.765
0.5777527772656066,0.32,0.765
0.5664266246242854,0.32,0.77
0.5642444166590413,0.32,0.775
0.5634740870021826,0.32,0.78
0.5615571660192551,0.325,0.78
0.5573844376207236,0.325,0.785
0.5572417889675548,0.325,0.79
0.555831000816164,0.33,0.79
0.5548765521364452,0.33,0.795
0.5538883303058504,0.33,0.8
0.550642379355462,0.33,0.805
0.5481336349428757,0.33,0.81
0.5433377853896296,0.33,0.815
0.5432507147076802,0.33,0.82
0.5411150852736714,0.33,0.825
0.5402006013858452,0.335,0.825
0.5389547333529962,0.335,0.83
0.5386095536739569,0.335,0.835
0.5228714192387088,0.335,0.84
0.5210106924861725,0.335,0.845
0.520832358727117,0.34,0.845
0.5201691698029495,0.34,0.85
0.5177324777962371,0.34,0.855
0.5070567001999278,0.34,0.86
0.5038805880799622,0.34,0.865
0.5020315884405404,0.34,0.87
0.49858835937305435,0.345,0.87
0.4970737164810522,0.345,0.875
0.4958183136981673,0.345,0.88
0.49475511867762434,0.345,0.885
0.4918731253709651,0.345,0.895
0.49053445007601926,0.345,0.9
0.4802088753139692,0.35,0.9
0.47765447084346113,0.35,0.905
0.475414009579225,0.35,0.91
0.4694103339664529,0.355,0.91
0.4641811904849593,0.36,0.91
0.45697884645191594,0.365,0.91
0.4567013504732173,0.365,0.915
0.45555233975775855,0.365,0.92
0.45332178135466905,0.365,0.925
0.4447920854218435,0.365,0.93
0.4439401137624682,0.37,0.93
0.43554241347729855,0.375,0.93
0.43548457899454385,0.38,0.93
0.4337489082610615,0.385,0.93
0.4303548619207168,0.385,0.935
0.421904178596352,0.39,0.935
0.41505465956057797,0.395,0.935
0.41342040793951723,0.4,0.935
0.41036222462412375,0.405,0.935
0.40650563470361845,0.41,0.935
0.3953074081827953,0.415,0.935
0.39357360003491076,0.42,0.935
0.38559594781067863,0.425,0.935
0.38489309247414033,0.425,0.94
0.3832196950809475,0.43,0.94
0.37938310002719156,0.44,0.94
0.37353429026053386,0.44,0.945
0.37255297470141996,0.44,0.95
0.3647940825434914,0.44,0.955
0.36288866858259056,0.44,0.96
0.35293567423726463,0.44,0.965
0.3473618391456947,0.44,0.97
0.33837810961718395,0.44,0.975
0.33814734098910154,0.445,0.975
0.3346216844865632,0.45,0.975
0.33080957785862614,0.455,0.975
0.3299984905291026,0.46,0.975
0.32914131524593626,0.46,0.98
0.3282103490933767,0.465,0.98
0.3246617799234127,0.47,0.98
0.31990535044714113,0.475,0.98
0.3181464515425497,0.48,0.98
0.3023567176953282,0.485,0.98
0.3021582053882571,0.49,0.98
0.3005090204893732,0.5,0.98
0.29779378454118877,0.51,0.98
0.29684463130636685,0.515,0.98
0.29148630371388146,0.52,0.98
0.28818930869177617,0.525,0.98
0.28239625913848776,0.53,0.98
0.28112613148575344,0.535,0.98
0.28074749027234697,0.54,0.98
0.2806965694053598,0.545,0.98
0.2785482071568565,0.545,0.985
0.2776033268736493,0.55,0.985
0.2768911022478211,0.555,0.985
0.2718292779982752,0.56,0.985
0.2702443749557901,0.565,0.985
0.26803766676208207,0.57,0.985
0.2673578266803623,0.575,0.985
0.26641999932859506,0.6,0.985
0.26477765989408303,0.605,0.985
0.2646306074716934,0.61,0.985
0.2602398735103403,0.615,0.985
0.2582755193340407,0.62,0.985
0.2545089328910088,0.62,0.99
0.2538056701944328,0.625,0.99
0.2487528638505628,0.63,0.99
0.24512287848472544,0.635,0.99
0.2427286683013408,0.64,0.99
0.24228545513812572,0.65,0.99
0.23864480655636852,0.655,0.99
0.2373145304948866,0.66,0.99
0.23413118767613297,0.67,0.99
0.23304686256917595,0.68,0.99
0.2286995143809517,0.685,0.99
0.2283765595632059,0.71,0.99
0.22481121061598258,0.715,0.99
0.22044893748778213,0.72,0.99
0.21807923652476546,0.73,0.99
0.2180271561006931,0.745,0.99
0.21751446201228308,0.75,0.99
0.2173300931948952,0.76,0.99
0.21722612944486647,0.765,0.99
0.2166065250525553,0.77,0.99
0.21121462155158305,0.775,0.99
0.21059086557449316,0.78,0.99
0.20567128506394272,0.785,0.99
0.20404801917759832,0.79,0.99
0.20343350785661748,0.795,0.99
0.20272163172462812,0.8,0.99
0.20208586924145308,0.805,0.99
0.19790407467604587,0.805,0.995
0.194795033454067,0.81,0.995
0.17739697729090292,0.815,0.995
0.17005574258772202,0.825,0.995
0.16958891028396855,0.83,0.995
0.1661466671750669,0.83,1.0
0.16121051296999664,0.835,1.0
0.15820141781626512,0.84,1.0
0.15805775344154444,0.855,1.0
0.156818030687484,0.86,1.0
0.15533613288130838,0.865,1.0
0.153783868090054,0.875,1.0
0.15145800360043837,0.885,1.0
0.14976543200485815,0.89,1.0
0.1466401629136643,0.895,1.0
0.14607311367519135,0.9,1.0
0.14499223178576456,0.905,1.0
0.14164422672405597,0.91,1.0
0.1416402188356983,0.915,1.0
0.14047549610815532,0.92,1.0
0.1378913143440249,0.925,1.0
0.1376596225385694,0.94,1.0
0.13321179875073044,0.945,1.0
0.13194265282751305,0.955,1.0
0.12668160381124546,0.96,1.0
0.12253808000088204,0.97,1.0
0.11862378026103627,0.98,1.0
0.11638714974855027,0.985,1.0
-1e-06,1.0,1.0
