configuration,training_seed,actual_steps,seconds,maximum_development_SR,best_confirmation_SR,final_confirmation_SR,last10pct_training_SR,last10pct_training_episodes,first10pct_reward_per_step,last10pct_reward_per_step
default_extended,22001,10002432,6003.309610843658,0.0,0.0,0.0,0.0002481902792140641,24175,-9.228940031090556,-7.722616489955353
default_extended,22002,10002432,5981.385676622391,0.0,0.0,0.0,0.000320666987333654,24948,-9.520290776466831,-7.771292051977038
default_extended,22003,10002432,5975.699259519577,0.0,0.0,0.0,0.00011954096270321963,25096,-9.030310407366068,-7.606231664540812
lr_double_entropy_double,22001,5001216,3012.6488888263702,0.0,0.0,0.0,0.00016119932296284356,12407,-9.396862654026927,-7.955300590701217
lr_double_entropy_double,22002,5001216,2971.0596113204956,0.0,0.0,0.0,7.999360051195904e-05,12501,-9.539673804306398,-7.933245164824694
lr_double_entropy_double,22003,5001216,3004.4060015678406,0.0,0.0,0.0,0.0005676289328576062,12332,-9.48325111947408,-7.922786021659042
lr_half,22001,5001216,2986.118270635605,0.0,0.0,0.0,0.0005693371289141927,12295,-9.436508908155481,-7.8435143546747925
lr_half,22002,5001216,2983.3525819778442,0.0,0.0,0.0,0.00016052652700858816,12459,-9.527682132876011,-7.782222553036075
lr_half,22003,5001216,2996.0973534584045,0.0,0.0,0.0,8.095199546668825e-05,12353,-9.632461532964934,-7.842708889100607
medium_curriculum,22001,5001216,3022.152992248535,0.0,0.0,0.0,0.0,12591,-9.251604539824692,-7.881001651422762
medium_curriculum,22002,5001216,3019.4622995853424,0.1,0.0,0.0,0.0,12575,-9.210706618394305,-7.2405425876524365
medium_curriculum,22003,5001216,3016.451709985733,0.0,0.0,0.0,0.0,12395,-9.298349331491357,-7.724097433943088
