"packet_id","label","confidence","rationale"
"E5-01-a16a","execution","2","tick 250、310及450仍下达对boat-02的多艇拦截，目标接收无拒绝，但防守方最后一次射击在tick 28，此后仍有14发余弹；boat-02于498摧毁泊位，主要表现为拦截未转化为有效打击，具体机制尚不能仅凭摘要确认。"
"E5-02-f21c","balanced","2","119次规划调用中23次解析失败并复用旧计划，影响目标更新；同时tick 500仍对strike-command-01及水面艇下达拦截，却只完成10次防守射击，最终1186设施全失，规划输出可靠性和执行效果均存在明显问题。"
"E5-03-56c6","balanced","2","105次调用中36次解析失败、36次复用旧计划；tick 200已要求拦截strike-fuel-01，燃料设施却于393被毁，该目标到413才失能，存在规划更新不稳定及拦截未及时奏效的双重迹象。"
"E5-04-32f1","balanced","2","step 21两艘USV均hold、31仅一艘拦截，91发现迫近港口的运输目标后仍让另一艘hold；同时出现infeasible目标且最终只使用2发弹药、100港口被突破，单凭这些记录难区分资源分配不足与拦截执行失效的主次。"
"E5-05-f9a3","balanced","2","119次调用中18次解析失败并复用旧计划；tick 500仍向多目标分配拦截，但防守方全局仅9次射击，boat-02于788关联码头损毁、最终1186设施全失，输出稳定性与拦截完成度均值得排查。"
"E5-06-80dc","planning","2","tick 200、300及400的规划持续将boat-03交给UAV拦截，让有弹药USV巡逻或跟踪，并将距保护区不断缩短的目标描述为远离威胁；全局最后一次防守射击在23，boat-03于564摧毁泊位，主要疑点是威胁判断和力量分配，也不能排除执行因素。"
"E5-07-ec97","balanced","2","tick 200将boat-02主要交给UAV、让USV待机，300又向多艘USV分配拦截，400重新以目标远离为由安排USV跟踪；防守方23之后无射击且剩余14发，498泊位被毁，规划分配摇摆与执行未奏效并存。"
"E5-08-a9e1","planning","2","step 1规划明确认为尚无需靠近港口而在出发点附近巡逻，71又集中拦截侦察艇；81港口被突破，且61时一艘USV已损失，主要疑点是防区部署和目标优先级，但材料不足以认定此前已观测到运输目标。"
"E5-09-fa97","interface","2","step 1、11侦察目标出现infeasible，21、31各有一个目标被拒，UAV位置始终为(2,2)；四轮LLM均称未发现红方目标，37港口被突破且零弹药消耗，主要疑点是侦察目标无法落地造成规划与执行脱节。"
"E5-10-4d0d","execution","2","tick 200、300及400持续向多艘有弹药USV分配boat-02拦截，430个目标均接收无拒绝；但36之后无防守射击且剩余14发，498泊位被毁，主要表现为已下达拦截未实现有效打击，原因仍需进一步区分。"
"E5-11-5324","balanced","2","180次调用中38次解析失败并复用旧计划，tick 500等轮次虽安排拦截，仍出现设施损毁、指挥设施574失能；原生终局1799为defender_success而综合分仅0.4758，本例是低分而非原生败局，更新失效与设施保护执行不足均可能贡献。"
"E5-12-9ab3","balanced","2","tick 200、500均有明确拦截安排，但180次调用中22次解析失败、全局仅9次防守射击，指挥设施578失能且其他设施随后被毁；1799原生终局仍为defender_success、综合分0.4918，应视作低分案例，现有材料不能将规划与执行影响分开。"
