threshold,fpr,tpr
1.000001,0.0,0.0
0.9856252331605533,0.0,0.0
0.9841178997233487,0.0,0.005
0.9814077861347508,0.0,0.01
0.9786641707632214,0.0,0.015
0.9730492315494692,0.0,0.02
0.9720065881523684,0.0,0.025
0.9713231291626331,0.0,0.03
0.9709787673786651,0.0,0.035
0.9703594317196551,0.0,0.04
0.9699010400524929,0.0,0.045
0.9687444411900983,0.005,0.045
0.9643873610671896,0.005,0.05
0.9574545673768066,0.005,0.055
0.9566642183165146,0.005,0.06
0.9544481216454884,0.005,0.065
0.9532475912904546,0.005,0.07
0.9514801952281402,0.005,0.075
0.9471110618395456,0.005,0.08
0.9466948503586027,0.01,0.08
0.9455142895981448,0.01,0.085
0.9446366775115983,0.01,0.09
0.9434607199176642,0.01,0.095
0.9430630303110914,0.01,0.1
0.9415106288540063,0.01,0.105
0.9409693500487513,0.01,0.11
0.9402765270962554,0.01,0.115
0.9386141971050663,0.01,0.12
0.9368738845164377,0.01,0.125
0.936104799943038,0.01,0.13
0.9351590046732595,0.01,0.135
0.9346346197222112,0.01,0.15
0.933659710554759,0.01,0.155
0.9329521478475892,0.015,0.155
0.9323956477922217,0.015,0.16
0.9317742795198884,0.015,0.165
0.9278512115322117,0.015,0.17
0.9269526108511539,0.015,0.175
0.926110674389647,0.025,0.175
0.9192962251507433,0.025,0.18
0.9188697819289253,0.025,0.185
0.9187802455180373,0.025,0.19
0.9139367530118059,0.025,0.195
0.9079504877993778,0.025,0.2
0.906574899112203,0.025,0.205
0.9057143675739336,0.03,0.205
0.9039023311416408,0.03,0.21
0.9023884880939507,0.03,0.215
0.9010512603581502,0.03,0.225
0.8997261261295677,0.03,0.23
0.895645628409913,0.03,0.235
0.8950829042746691,0.03,0.24
0.8934139835120156,0.03,0.245
0.8904561356513369,0.03,0.25
0.8898113314860757,0.03,0.255
0.8871642469920132,0.03,0.26
0.8868613368084168,0.03,0.265
0.8857052922160155,0.03,0.27
0.8831177890241649,0.03,0.275
0.8807513441207571,0.03,0.28
0.880437507606505,0.03,0.285
0.878921314430912,0.03,0.29
0.8756912266045889,0.03,0.295
0.87544594553552,0.03,0.3
0.8750704133321989,0.03,0.305
0.8746932842632709,0.03,0.31
0.873963377305935,0.03,0.315
0.873760234887492,0.03,0.32
0.8736413840323903,0.03,0.325
0.8705517672345232,0.04,0.325
0.8695321554961308,0.04,0.33
0.8685097029762149,0.04,0.335
0.8683466372058057,0.04,0.34
0.8650314745212985,0.04,0.345
0.8620217583282255,0.04,0.35
0.8597405347173573,0.04,0.355
0.8592650982790638,0.04,0.36
0.858542875973101,0.04,0.365
0.8581538360342983,0.045,0.365
0.8558270898766245,0.045,0.37
0.8552691651575975,0.045,0.375
0.8538716469756431,0.05,0.375
0.8514546066722251,0.05,0.38
0.8473407562017391,0.05,0.385
0.8451218345865781,0.05,0.39
0.8448892232231301,0.05,0.395
0.8442168506799229,0.055,0.395
0.8417266764390692,0.06,0.395
0.8403348926823484,0.06,0.4
0.8395429967357709,0.06,0.405
0.8380085285200082,0.065,0.405
0.8378862504057911,0.065,0.41
0.8295665524504239,0.065,0.415
0.8295565655505699,0.065,0.42
0.8286647503598653,0.07,0.42
0.8283429160871559,0.07,0.425
0.8254629683245819,0.07,0.43
0.8244386071218505,0.07,0.435
0.823995867113929,0.075,0.435
0.8231952619184476,0.075,0.44
0.8225444804318938,0.075,0.445
0.8181174419691667,0.075,0.45
0.8144441409026102,0.075,0.455
0.814416535822172,0.08,0.455
0.8124334857286541,0.085,0.455
0.8119963310587918,0.085,0.46
0.8095572600700331,0.085,0.465
0.8091612655562896,0.085,0.47
0.8035866664892859,0.085,0.475
0.799310909601563,0.085,0.48
0.7991522201817436,0.085,0.485
0.7987580976393459,0.085,0.49
0.7980474735625567,0.085,0.495
0.7980181320440589,0.085,0.5
0.7917067017526653,0.085,0.505
0.7914741455316433,0.085,0.51
0.7913329270190728,0.085,0.515
0.7893351640563468,0.085,0.52
0.7891040055374586,0.085,0.525
0.7877302759823003,0.085,0.53
0.787130643473427,0.085,0.535
0.7868464818917565,0.085,0.54
0.7845460862962409,0.085,0.545
0.7828221858344102,0.085,0.55
0.7827439536990242,0.085,0.555
0.7798705121575569,0.085,0.56
0.7781799484410863,0.085,0.565
0.7769385839260179,0.085,0.57
0.7767982938676211,0.09,0.57
0.7767640419281703,0.095,0.57
0.7699041287445164,0.095,0.575
0.7695800896172963,0.095,0.58
0.7681463484372949,0.095,0.585
0.7650465914690886,0.1,0.59
0.7580060391520941,0.1,0.595
0.7565188113306355,0.1,0.6
0.7560454413125245,0.1,0.605
0.7519278665891921,0.1,0.61
0.7485252444189382,0.105,0.61
0.74621736530401,0.105,0.615
0.7451043162973657,0.105,0.62
0.7446183720569758,0.105,0.625
0.7430010046878731,0.11,0.625
0.7397253683736114,0.11,0.63
0.7304322349475005,0.11,0.635
0.72729115981432,0.115,0.635
0.7255051999376966,0.115,0.64
0.7252657330057707,0.115,0.645
0.7250806291012205,0.115,0.65
0.7153018809725944,0.115,0.655
0.7152016895193525,0.115,0.66
0.7068369445738653,0.115,0.665
0.70626555367972,0.115,0.67
0.7046165405643328,0.115,0.675
0.7034853850361018,0.115,0.68
0.701205880019111,0.115,0.685
0.6896790724856823,0.115,0.69
0.683068272299847,0.115,0.695
0.6813852247958898,0.12,0.695
0.6764219489393175,0.12,0.7
0.6727798689116858,0.13,0.7
0.6688235362067514,0.13,0.705
0.6686423371778442,0.135,0.705
0.6676761793670749,0.135,0.71
0.6676558981358894,0.135,0.715
0.6668526069612752,0.135,0.72
0.6618431946690403,0.14,0.72
0.6608183350501071,0.145,0.72
0.6565923029252003,0.145,0.725
0.6549587989583483,0.145,0.73
0.6530833033979304,0.145,0.735
0.6508167621232742,0.145,0.74
0.6447591876135491,0.145,0.745
0.6444059670720758,0.145,0.75
0.644092002773059,0.145,0.755
0.6423102128868347,0.145,0.76
0.6406041966950272,0.145,0.765
0.6406005956302239,0.15,0.765
0.6387964681165218,0.15,0.77
0.62826190197065,0.15,0.775
0.6267886216726626,0.15,0.78
0.6247776507948156,0.15,0.785
0.6232870440536936,0.15,0.79
0.6171166928292895,0.15,0.795
0.6050126685319509,0.155,0.795
0.5994958366137813,0.155,0.8
0.5986560494217614,0.155,0.805
0.5954850473925685,0.16,0.805
0.5945351609663391,0.16,0.81
0.5885699453173263,0.16,0.815
0.5881783846321699,0.16,0.82
0.5830233855848539,0.16,0.825
0.5646659105241459,0.16,0.83
0.55833584095801,0.16,0.835
0.5554388953005901,0.165,0.835
0.549460440250581,0.17,0.835
0.5457236115960581,0.17,0.84
0.5401625114975609,0.175,0.84
0.5232662553239268,0.18,0.84
0.5200548241472797,0.18,0.845
0.5160710082793843,0.18,0.85
0.5111997524268889,0.185,0.85
0.5044913155415846,0.185,0.855
0.4988469183721222,0.185,0.86
0.49603368349946997,0.19,0.86
0.4912539855066376,0.19,0.865
0.4904558060494165,0.19,0.87
0.48064084625274567,0.19,0.875
0.46798873504014793,0.19,0.88
0.46312384836406356,0.19,0.885
0.45800854228607074,0.19,0.89
0.45117347472045044,0.195,0.89
0.44131690890609293,0.195,0.895
0.44126209975747066,0.195,0.9
0.4410918531008004,0.195,0.905
0.42809237702392067,0.2,0.905
0.41961670486479785,0.205,0.905
0.4067485137331609,0.205,0.91
0.3972596677975109,0.21,0.91
0.39269631165339797,0.215,0.91
0.39128321065035676,0.215,0.915
0.38333276164207697,0.225,0.915
0.37968535123846664,0.225,0.92
0.3780126877903465,0.23,0.92
0.37078198401887497,0.235,0.92
0.37038654215426636,0.24,0.92
0.36767964944068454,0.245,0.92
0.3552598807152485,0.25,0.92
0.3505929263796436,0.255,0.92
0.34805887590536005,0.26,0.92
0.3460045385628807,0.265,0.92
0.34366536253316926,0.27,0.92
0.3401487563108538,0.27,0.925
0.33801700884701896,0.27,0.93
0.33766141394948423,0.27,0.935
0.32616024054851145,0.275,0.935
0.31919301269235506,0.275,0.94
0.3128888906120179,0.275,0.945
0.3106054721624154,0.275,0.95
0.30824407075760446,0.28,0.95
0.30577907248085784,0.28,0.955
0.2977331419161827,0.285,0.955
0.28870239169429873,0.285,0.96
0.2883210350191045,0.29,0.96
0.2866613507434939,0.29,0.965
0.2810207732786729,0.29,0.97
0.27744472036866746,0.295,0.97
0.26940767134278687,0.295,0.975
0.26793946848666356,0.3,0.975
0.25727296653715154,0.305,0.975
0.25701601220978193,0.31,0.975
0.25671728813445155,0.315,0.975
0.24944864794455276,0.315,0.98
0.249140949125829,0.325,0.98
0.24732719575334414,0.33,0.98
0.23773262642144674,0.335,0.98
0.23052228039541006,0.34,0.98
0.22862413916721278,0.34,0.985
0.22844628018100538,0.345,0.985
0.2225192459284802,0.35,0.985
0.21588106008977906,0.355,0.985
0.21342932052639252,0.36,0.985
0.2032029864393175,0.365,0.985
0.19937293737290973,0.37,0.985
0.19541700589843972,0.37,0.99
0.19349492257514156,0.375,0.99
0.19331117608716322,0.38,0.99
0.1932526211848191,0.38,0.995
0.18973336197769583,0.385,0.995
0.18792614646748934,0.39,0.995
0.18397322579002362,0.395,0.995
0.18135547504691646,0.4,0.995
0.18099588348981124,0.405,0.995
0.17517008378219845,0.41,0.995
0.17064936558000968,0.415,0.995
0.16623399173515585,0.42,0.995
0.16378158247867955,0.43,0.995
0.16346308391431685,0.435,0.995
0.16227759866023242,0.445,0.995
0.16006047202985518,0.45,0.995
0.15516422691203596,0.495,0.995
0.15262018287444637,0.505,0.995
0.14597897926457812,0.51,0.995
0.14129122095842506,0.515,0.995
0.14005921487506082,0.52,0.995
0.1370062931903794,0.525,0.995
0.13278961899140315,0.53,0.995
0.130677042633902,0.54,0.995
0.12193993967236519,0.545,0.995
0.12061168469512255,0.55,0.995
0.12058051699351406,0.555,0.995
0.11914373452235207,0.56,0.995
0.11851985618540391,0.565,0.995
0.11679800577691593,0.57,0.995
0.11550969529666892,0.575,0.995
0.11439649631980131,0.58,0.995
0.11349024149121402,0.585,0.995
0.10835042874645659,0.595,0.995
0.10599481338350739,0.605,0.995
0.10347364981790877,0.65,0.995
0.09940579789612937,0.655,0.995
0.09654243076350541,0.66,0.995
0.09645313495840914,0.665,0.995
0.096140335509394,0.67,0.995
0.09448950701022384,0.675,0.995
0.0936089847177929,0.68,0.995
0.0918154196788907,0.69,0.995
0.09108875703099359,0.695,0.995
0.09015135594887651,0.7,0.995
0.08950024066271758,0.705,0.995
0.08923261731437869,0.71,0.995
0.08877018035010491,0.715,0.995
0.08807676915376988,0.72,0.995
0.08794808402246626,0.725,0.995
0.0850126062070645,0.73,0.995
0.08070617495390767,0.735,0.995
0.08069425573237433,0.74,0.995
0.08022283287795115,0.745,0.995
0.07932915895986142,0.75,0.995
0.07888670966581737,0.76,0.995
0.0785396936081257,0.765,0.995
0.07776856555906038,0.77,0.995
0.07770480319790782,0.775,0.995
0.07447437544645502,0.78,0.995
0.07404359718215608,0.785,0.995
0.07333735061319789,0.79,0.995
0.07221323082048683,0.795,0.995
0.07151122440271,0.8,0.995
0.070278019723156,0.81,0.995
0.06936183650982887,0.815,0.995
0.06799303359186235,0.82,0.995
0.0648554447428549,0.825,0.995
0.06396139108715823,0.83,0.995
0.06277368308408272,0.835,0.995
0.06266022743017001,0.84,0.995
0.05736057883122568,0.85,0.995
0.05461878351008902,0.86,0.995
0.054390329991725314,0.865,0.995
0.05220927854858656,0.87,0.995
0.050404217428178966,0.875,0.995
0.0466783855673515,0.89,0.995
0.045390398891517705,0.895,0.995
0.044702162238782345,0.9,0.995
0.04159796133831306,0.905,0.995
0.0407993713514481,0.91,0.995
0.040562502527860304,0.915,0.995
0.03834144095726756,0.925,0.995
0.037857743408526004,0.925,1.0
0.037784643606438136,0.935,1.0
0.03173426737690287,0.95,1.0
0.029809004569716836,0.96,1.0
0.028493717308280847,0.965,1.0
0.028024423836454627,0.97,1.0
0.02688807984065562,0.98,1.0
-1e-06,1.0,1.0
